---
layout: null
---
<?xml version="1.0" encoding="utf-8"?>
<feed xmlns="http://www.w3.org/2005/Atom">
  <title>{{ site.title | xml_escape }}</title>
  <link href="{{ site.url }}{{ site.baseurl }}/atom.xml" rel="self"/>
  <link href="{{ site.url }}{{ site.baseurl }}/"/>
  <updated>{{ site.time | date_to_xmlschema }}</updated>
  <id>{{ site.url }}{{ site.baseurl }}/</id>
  <author><name>{{ site.title | xml_escape }}</name></author>
  {% for post in site.posts limit:15 %}
  <entry>
    <title>{{ post.title | xml_escape }}</title>
    <link href="{{ site.url }}{{ site.baseurl }}{{ post.url }}"/>
    <updated>{{ post.date | date_to_xmlschema }}</updated>
    <id>{{ site.url }}{{ site.baseurl }}{{ post.url }}</id>
    <content type="html">{{ post.content | xml_escape }}</content>
  </entry>
  {% endfor %}
</feed>